source,keyword_or_blog,title,url,date
rss,michaelchae,"91회 시크릿특강(부제 : 요즘 터지는 인스타 포맷, AI로 10분 만에 만드는 법)",https://blog.naver.com/michaelchae/224334698746?fromRss=true&trackingCode=rss,2026-07-02
rss,michaelchae,67회 독서모임(부제 : 내 강점을 비싸게 팔고 고객이 찾아오게 만드는 방법),https://blog.naver.com/michaelchae/224313373976?fromRss=true&trackingCode=rss,2026-06-11
rss,michaelchae,66회 독서모임(부제 : 온라인에서 고객을 모으고 팔리는 말로 전환하는 방법),https://blog.naver.com/michaelchae/224290232300?fromRss=true&trackingCode=rss,2026-05-19
rss,michaelchae,인스타그램 성장 부트캠프 9기(~4월 28일(화)까지 1차 얼리버드),https://blog.naver.com/michaelchae/224261705220?fromRss=true&trackingCode=rss,2026-04-22
rss,michaelchae,65회 독서모임(부제 : 1인기업 혼자 살아남을 무기),https://blog.naver.com/michaelchae/224260601259?fromRss=true&trackingCode=rss,2026-04-21
rss,michaelchae,"90회 시크릿특강(부제 : 기획은 10분컷, 제작도 10분컷 2026년 인스타그램 치트키)",https://blog.naver.com/michaelchae/224259435809?fromRss=true&trackingCode=rss,2026-04-20
rss,michaelchae,네이버 클립으로 초간단 마케팅 하는 방법,https://blog.naver.com/michaelchae/224249233435?fromRss=true&trackingCode=rss,2026-04-11
rss,michaelchae,캔바 ai로 끝내는 랜딩페이지 제작 A to Z,https://blog.naver.com/michaelchae/224248298554?fromRss=true&trackingCode=rss,2026-04-10
rss,hun1188,"비영리단체용 캔바, 우리 단체도 무료로 사용할 수 있나요? | 비영리단체 Canva PRO 무료 이용 방법 | 이지쌤",https://blog.naver.com/hun1188/224335225990?fromRss=true&trackingCode=rss,2026-07-06
rss,hun1188,국방부 국정과제 실무자 대상 홍보 역량강화 교육 후기｜Canva로 정책 홍보 콘텐츠 만들기｜이지쌤,https://blog.naver.com/hun1188/224334281145?fromRss=true&trackingCode=rss,2026-07-03
rss,hun1188,제천시 중·고등학교 선생님 대상 캔바 강의 후기｜Canva Education 활용 교육후기｜이지쌤,https://blog.naver.com/hun1188/224330645516?fromRss=true&trackingCode=rss,2026-07-01
rss,hun1188,캔바 AI 최신 기능 활용법! 빈 화면 채워주는 '꾸미기(Decorate)' 기능,https://blog.naver.com/hun1188/224328060057?fromRss=true&trackingCode=rss,2026-06-29
rss,hun1188,<프레젠테이션 월드 2026>에서 전한 '인간다운' 프레젠테이션 비법 Canva AI 활용법 | 이지쌤,https://blog.naver.com/hun1188/224328150452?fromRss=true&trackingCode=rss,2026-06-26
rss,hun1188,국민건강보험 임직원 대상 캔바 강의 후기 | 스마트폰 캔바 앱 실무 활용 교육 | 이지쌤,https://blog.naver.com/hun1188/224327036607?fromRss=true&trackingCode=rss,2026-06-26
rss,hun1188,인천지방문화원 임직원 대상 직무역량아카데미｜캔바 활용법 특강 후기｜이지쌤,https://blog.naver.com/hun1188/224325511499?fromRss=true&trackingCode=rss,2026-06-24
rss,hun1188,"캔바로 돈 아끼는 인쇄물 만들기 | 캔바로 전단지, 안내문, 토퍼 만드는 법 | 이지쌤",https://blog.naver.com/hun1188/224320988666?fromRss=true&trackingCode=rss,2026-06-22
rss,hun1188,한국 최초 Canva Community Labs in Korea 후기｜캔바 크리에이터와 러버가 함께한 특별한 시간,https://blog.naver.com/hun1188/224319969073?fromRss=true&trackingCode=rss,2026-06-18
rss,hun1188,캔바로 메뉴판 만들기｜비디자이너 사장님도 직접 만드는 우리 가게 메뉴판 디자인,https://blog.naver.com/hun1188/224316438498?fromRss=true&trackingCode=rss,2026-06-15
rss,hun1188,배민아카데미 캔바 AI 메뉴판·포스터 제작 특강 후기｜외식업 사장님을 위한 가게 홍보 콘텐츠 제작 교육｜이지쌤,https://blog.naver.com/hun1188/224312964791?fromRss=true&trackingCode=rss,2026-06-11
rss,hun1188,"캔바 강사/크리에이터를 위한 캔바 강사 수익화 방법, 글로벌 트렌드까지｜<캔바 커뮤니티 랩 코리아> 개최 소식",https://blog.naver.com/hun1188/224311848913?fromRss=true&trackingCode=rss,2026-06-10
rss,hun1188,인천광역시 문화원 학부모 강사 대상 캔바 특강 | 강의자료 제작법 캔바 강의 | 이지쌤,https://blog.naver.com/hun1188/224311469916?fromRss=true&trackingCode=rss,2026-06-10
rss,hun1188,AI와 함께하는 프레젠테이션 혁신! [프레젠테이션 월드 2026] 참가자 모집(6/25),https://blog.naver.com/hun1188/224310310317?fromRss=true&trackingCode=rss,2026-06-09
rss,hun1188,캔바 인 리얼 라이프(Canva in Real Life) 캔바코리아 오프라인 행사 후기,https://blog.naver.com/hun1188/224305864709?fromRss=true&trackingCode=rss,2026-06-04
rss,hun1188,캔바 비즈니스(Canva Business) 플랜이 뭐예요?│소규모 팀에게 적합한 캔바 요금제,https://blog.naver.com/hun1188/224302718647?fromRss=true&trackingCode=rss,2026-06-01
rss,hun1188,대학생 연합 프레젠테이션 대회 SPEAKERS 후원 협찬 및 심사위원 후기 | 캔바 이지쌤,https://blog.naver.com/hun1188/224298736329?fromRss=true&trackingCode=rss,2026-05-28
rss,hun1188,캔바 AI 2.0으로 카드뉴스 & 프레젠테이션 만들기 | 텍스트만 입력하면 끝! | 이지쌤,https://blog.naver.com/hun1188/224293280137?fromRss=true&trackingCode=rss,2026-05-25
rss,hun1188,콘텐츠가 커리어가 되기까지! 메텔(maetel) 링크앤밍글 이지쌤 연사 참여 후기,https://blog.naver.com/hun1188/224293276104?fromRss=true&trackingCode=rss,2026-05-22
rss,hun1188,크릭앤리버 임직원 대상 캔바 사내 교육 후기｜대표님이 직접 픽한 Canva 실무 특강｜이지쌤,https://blog.naver.com/hun1188/224290099554?fromRss=true&trackingCode=rss,2026-05-19
rss,hun1188,PPT 팀플 과제 한 번에 해결! 경북대학교 캔바 AI 특강 후기 | 대학생 대상 캔바 강의 | 이지쌤,https://blog.naver.com/hun1188/224281822949?fromRss=true&trackingCode=rss,2026-05-11
rss,hun1188,캔바로 일하는 회사는 뭐가 다를까? | <캔바로 일하는 회사는 이렇게 합니다> 세미나 후기,https://blog.naver.com/hun1188/224281483716?fromRss=true&trackingCode=rss,2026-05-11
rss,hun1188,캔바 도입 어떻게 하나요? | 국내 최초 캔바 공식 리셀러 파트너 인증 기업 워크스마트,https://blog.naver.com/hun1188/224277772277?fromRss=true&trackingCode=rss,2026-05-07
rss,hun1188,부산대학교 교직원 대상 Canva 활용 특강 후기｜실무형 캔바 교육｜이지쌤,https://blog.naver.com/hun1188/224274457513?fromRss=true&trackingCode=rss,2026-05-04
rss,hun1188,연세대학교 글로벌캠퍼스 신입생 대상 캔바 활용 특강 후기 | 대학생 캔바 교육 | 이지쌤,https://blog.naver.com/hun1188/224268919644?fromRss=true&trackingCode=rss,2026-04-30
rss,hun1188,캔바 AI 실무서 《이게 되네? Canva AI 미친 활용법 47제》 예약 판매 시작!,https://blog.naver.com/hun1188/224270375579?fromRss=true&trackingCode=rss,2026-04-30
rss,hun1188,강원도립대학교 학생 및 교직원 대상 캔바 활용 특강 후기 | 캔바 대학 강의 | 이지쌤,https://blog.naver.com/hun1188/224267726193?fromRss=true&trackingCode=rss,2026-04-29
rss,hun1188,"AI 이미지, 이제 다시 만들지 말고 바로 수정하세요! | Canva Magic Layers 사용법 | 이지쌤",https://blog.naver.com/hun1188/224266829409?fromRss=true&trackingCode=rss,2026-04-27
rss,hun1188,"Canva AI 2.0, 캔바 크리에이터들의 이야기｜워크스마트 ‘이지 라운지’ 후기",https://blog.naver.com/hun1188/224263770707?fromRss=true&trackingCode=rss,2026-04-24
rss,hun1188,네이버 임직원 대상 캔바 활용 특강 | 비즈니스에 바로 쓰는 Canva 활용법 | 이지쌤,https://blog.naver.com/hun1188/224262247679?fromRss=true&trackingCode=rss,2026-04-23
rss,hun1188,<Canva로 일하는 회사는 이렇게 합니다> 세미나 참가자 모집!,https://blog.naver.com/hun1188/224261359890?fromRss=true&trackingCode=rss,2026-04-22
rss,hun1188,<Canva Create 2026>에서 공개한 Canva AI 2.0 신기능 핵심 정리!,https://blog.naver.com/hun1188/224260064364?fromRss=true&trackingCode=rss,2026-04-21
rss,hun1188,Canva AI 2.0 새롭게 시작하는 캔바의 미래! 캔바 크리에이트 2026 본행사 참석 후기,https://blog.naver.com/hun1188/224258807382?fromRss=true&trackingCode=rss,2026-04-20
rss,hun1188,캔바가 AI 플랫폼으로 진화하는 순간! 캔바 크리에이트 2026 파트너 익스피리언스(Partner Experience) 현장 이지쌤,https://blog.naver.com/hun1188/224255523279?fromRss=true&trackingCode=rss,2026-04-17
rss,hun1188,국민건강보험공단 임직원을 위한 캔바 활용 특강ㅣ공공기관 2박 3일 캔바 실무 교육ㅣ이지쌤,https://blog.naver.com/hun1188/224254480276?fromRss=true&trackingCode=rss,2026-04-16
rss,hun1188,CANVA CREATE 2026 이지쌤 캔바 크리에이트 VIP 초청 & 캔바 신간 출간 소식!,https://blog.naver.com/hun1188/224253235583?fromRss=true&trackingCode=rss,2026-04-15
rss,hun1188,이지쌤 신간 『이게 되네? 캔바 AI 미친 활용법 47제』 출간 기념 이벤트!,https://blog.naver.com/hun1188/224250819883?fromRss=true&trackingCode=rss,2026-04-13
rss,hun1188,캔바 유저는 꼭 봐야할 이벤트! 캔바 크리에이트(Canva Create) 2026 소개 | 이지쌤,https://blog.naver.com/hun1188/224246490959?fromRss=true&trackingCode=rss,2026-04-09
rss,sunny-canva,"컴퓨터 노트북 윈도우 화면 녹화 프로그램, 단축키 저장위치 정리",https://blog.naver.com/sunny-canva/224337833505?fromRss=true&trackingCode=rss,2026-07-06
rss,sunny-canva,"제헌절 법인 마크 꾸미기, 우리나라에 법이 없었다면 내가 만들고 싶은법 도안",https://blog.naver.com/sunny-canva/224334256002?fromRss=true&trackingCode=rss,2026-07-05
rss,sunny-canva,"TCP/IP 주소 포트 확인 방법, IPTIME공유기 설치 및 비밀번호 설정까지",https://blog.naver.com/sunny-canva/224332640532?fromRss=true&trackingCode=rss,2026-07-04
rss,sunny-canva,캔바 AI사진 이미지 편집기로 복잡한 편집을 간편하게,https://blog.naver.com/sunny-canva/224332640207?fromRss=true&trackingCode=rss,2026-07-03
rss,sunny-canva,모아맘보육재단 직장어린이집 교사 대상 CANVA 온라인 교육 후기,https://blog.naver.com/sunny-canva/224334323271?fromRss=true&trackingCode=rss,2026-07-02
rss,sunny-canva,"네이버웨일 브라우저 설치 방법, 다크모드 설정 및 웨일온화상회의 무료 사용까지",https://blog.naver.com/sunny-canva/224332639772?fromRss=true&trackingCode=rss,2026-07-02
rss,sunny-canva,"윈도우10 작업표시줄 위치 설정, 안보임 안뜸 안사라짐 투명 하는법",https://blog.naver.com/sunny-canva/224332639405?fromRss=true&trackingCode=rss,2026-07-01
rss,sunny-canva,"URL 단축 방법, 링크 줄이기 꿀팁 2가지 (네이버QR코드, 비틀리 BIT.LY)",https://blog.naver.com/sunny-canva/224319077671?fromRss=true&trackingCode=rss,2026-06-29
rss,sunny-canva,"네이버 QR코드 만들기, 큐알코드 스캔 방법까지 한 번에 알아보기",https://blog.naver.com/sunny-canva/224319076763?fromRss=true&trackingCode=rss,2026-06-25
rss,sunny-canva,"아이폰 사진 컴퓨터로 옮기기, PC 아이튠즈 iTunes 동기화 방법",https://blog.naver.com/sunny-canva/224319075672?fromRss=true&trackingCode=rss,2026-06-24
rss,sunny-canva,학습자료 얼굴 합성도안 캔바 매직 이레이저(magic eraser)로 쉽게 만들기,https://blog.naver.com/sunny-canva/224319074724?fromRss=true&trackingCode=rss,2026-06-23
rss,sunny-canva,"캔바 고수들은 이미 쓰는 챗GPT사용법, 작업시간 10배 단축",https://blog.naver.com/sunny-canva/224322557656?fromRss=true&trackingCode=rss,2026-06-22
rss,sunny-canva,"생일 합성도안 캔바 템플릿 나눔정보, 매직 그랩 (Magic Grab) 활용법",https://blog.naver.com/sunny-canva/224318078088?fromRss=true&trackingCode=rss,2026-06-19
rss,sunny-canva,"생일축하 파티 포토존 포스터 셀프 디자인 제작, 캔바 템플릿 무료 공유",https://blog.naver.com/sunny-canva/224318074203?fromRss=true&trackingCode=rss,2026-06-18
rss,sunny-canva,"기기변경 카카오톡 대화내용 백업 방법, 톡서랍 결제 불러오기",https://blog.naver.com/sunny-canva/224318070755?fromRss=true&trackingCode=rss,2026-06-17
rss,sunny-canva,스마트폰으로 PPT 프리젠터 사용 하는 방법 (캔바 프레젠테이션 넘기기),https://blog.naver.com/sunny-canva/224316661256?fromRss=true&trackingCode=rss,2026-06-16
rss,sunny-canva,방문 없이 모바일 신분증 주민등록증 운전면허증 발급 방법,https://blog.naver.com/sunny-canva/224309848891?fromRss=true&trackingCode=rss,2026-06-15
rss,sunny-canva,"무료동영상편집프로그램 대체 가능한 캔바 기능, 편집하는 방법",https://blog.naver.com/sunny-canva/224305089947?fromRss=true&trackingCode=rss,2026-06-13
rss,sunny-canva,"유튜브 음원 추출방법, MP3 변환 사이트 꿀팁 공유",https://blog.naver.com/sunny-canva/224305088083?fromRss=true&trackingCode=rss,2026-06-12
rss,sunny-canva,"캔바로 만든 PDF 편집기, 진짜 책처럼! 플립북 만드는 방법",https://blog.naver.com/sunny-canva/224305087259?fromRss=true&trackingCode=rss,2026-06-11
rss,sunny-canva,DIY액자 캔바 프레임 제작 사진틀 만들기 (framespark 요소 기능),https://blog.naver.com/sunny-canva/224309850216?fromRss=true&trackingCode=rss,2026-06-11
rss,sunny-canva,[조기마감]7일 완주하면 100% 환급 써니쌤 캔바 초급반 챌린지 37기 모집,https://blog.naver.com/sunny-canva/224310959569?fromRss=true&trackingCode=rss,2026-06-10
rss,sunny-canva,캔바 테두리 스티커 효과 아웃라인 만들기 (f.얼굴 합성도안),https://blog.naver.com/sunny-canva/224305086237?fromRss=true&trackingCode=rss,2026-06-10
rss,sunny-canva,초보도 가능한 EZGIF 동영상 GIF 변환 만들기,https://blog.naver.com/sunny-canva/224305085514?fromRss=true&trackingCode=rss,2026-06-09
rss,sunny-canva,"핸드폰 사진 용량 줄이기 3가지 방법(카톡 나에게 보내기, 사이트, 캔바)",https://blog.naver.com/sunny-canva/224305084549?fromRss=true&trackingCode=rss,2026-06-08
rss,sunny-canva,"환경구성 사진판 템플릿, 놀이이야기 캔바 CANVA 45종 무료 공유 안내",https://blog.naver.com/sunny-canva/224304263159?fromRss=true&trackingCode=rss,2026-06-06
rss,sunny-canva,"캔바 이미지 라인아트 기능, 컬러링북 색칠공부 책 만들기",https://blog.naver.com/sunny-canva/224304261783?fromRss=true&trackingCode=rss,2026-06-05
rss,sunny-canva,구글 크롬 유튜브 검색기록삭제 방법과 기록끄기,https://blog.naver.com/sunny-canva/224304260750?fromRss=true&trackingCode=rss,2026-06-04
rss,sunny-canva,캔바 AI 강의 포스터 약속판 협동화 인생네컷 라벨지 만드는 법(f. 어린이집 유치원 영유아교사 대상),https://blog.naver.com/sunny-canva/224304258376?fromRss=true&trackingCode=rss,2026-06-03
rss,sunny-canva,움짤만들기 캔바로 동영상 변환 간편하게 GIF 만드는 법,https://blog.naver.com/sunny-canva/224298675900?fromRss=true&trackingCode=rss,2026-06-02
rss,sunny-canva,블로그 사진 여러장 넣는 이미지 꿀팁,https://blog.naver.com/sunny-canva/224298676560?fromRss=true&trackingCode=rss,2026-06-01
rss,sunny-canva,"캔바(Canva) 협업툴 기능 사용법, 학생 초대장 보내기",https://blog.naver.com/sunny-canva/224298674184?fromRss=true&trackingCode=rss,2026-05-31
rss,sunny-canva,"빅테크기업 캔바, 무료 이미지 생성 AI 100% 활용법",https://blog.naver.com/sunny-canva/224298671947?fromRss=true&trackingCode=rss,2026-05-30
rss,sunny-canva,사진 용량 줄이기 크기 조절 하는 방법 (f. iloveimg 무료 이미지 툴),https://blog.naver.com/sunny-canva/224298673691?fromRss=true&trackingCode=rss,2026-05-30
rss,sunny-canva,이미지 여러장 1개 파일로 만드는 방법,https://blog.naver.com/sunny-canva/224298674662?fromRss=true&trackingCode=rss,2026-05-29
rss,sunny-canva,hwpx hwp 한글 파일 확장자 변경 하는 방법 사이트로 빠르게!,https://blog.naver.com/sunny-canva/224298671282?fromRss=true&trackingCode=rss,2026-05-29
rss,sunny-canva,"유치원 어린이집 영유아 교사도 쉽게 배우는 캔바 기초 강의, 써니쌤 Canva 챌린지 36기 후기",https://blog.naver.com/sunny-canva/224299144961?fromRss=true&trackingCode=rss,2026-05-28
rss,sunny-canva,"6월 우리동네 놀이이야기, 캔바 템플릿 어린이집 유치원 무료 도안",https://blog.naver.com/sunny-canva/224299000480?fromRss=true&trackingCode=rss,2026-05-28
rss,sunny-canva,"무료 사진편집 프로그램 비교, 캔바 CANVA와 픽슬러 Pixlr 차이",https://blog.naver.com/sunny-canva/224296899561?fromRss=true&trackingCode=rss,2026-05-28
rss,sunny-canva,픽사베이(pixabay) 저작권 안전하게 쓰고 캔바활용법까지,https://blog.naver.com/sunny-canva/224296898540?fromRss=true&trackingCode=rss,2026-05-27
rss,sunny-canva,아이폰 heic jpg변환 사이트로 변환하기,https://blog.naver.com/sunny-canva/224296897595?fromRss=true&trackingCode=rss,2026-05-26
rss,sunny-canva,"PDF JPG 파일 변환 무료 사이트, 편집 저장까지 간편해요!",https://blog.naver.com/sunny-canva/224296896599?fromRss=true&trackingCode=rss,2026-05-26
rss,sunny-canva,"번거로운 포토샵 얼굴보정, Canva 사진 보정 도구로 필터 적용하기",https://blog.naver.com/sunny-canva/224293318944?fromRss=true&trackingCode=rss,2026-05-25
rss,sunny-canva,"AI 사진 편집기, 복잡한 편집을 캔바로 간편하게",https://blog.naver.com/sunny-canva/224293316875?fromRss=true&trackingCode=rss,2026-05-24
rss,sunny-canva,"디자인이 쉬워지는 AI 플랫폼 캔바, IT계 혁신이 일어날까?",https://blog.naver.com/sunny-canva/224293315376?fromRss=true&trackingCode=rss,2026-05-23
rss,sunny-canva,[조기마감] 실전 캔바 강의 2급 과정 27기(f. 강사 자격증),https://blog.naver.com/sunny-canva/224293250858?fromRss=true&trackingCode=rss,2026-05-22
rss,sunny-canva,포토샵 누끼따기는 이제 그만! 캔바 사이트에서 간단하게 편집,https://blog.naver.com/sunny-canva/224293312999?fromRss=true&trackingCode=rss,2026-05-22
rss,sunny-canva,"AI 스케치를 실사 사진 이미지로 생성하는 법, Sketch to Life",https://blog.naver.com/sunny-canva/224286678922?fromRss=true&trackingCode=rss,2026-05-20
rss,sunny-canva,캔바 GIF 만들기 동영상 움짤 변환 무료 사이트,https://blog.naver.com/sunny-canva/224286678100?fromRss=true&trackingCode=rss,2026-05-19
rss,sunny-canva,"사진보정 어플 이제 그만, 의외로 Canva의 숨겨진 기능 (f. 갤럭시 아이폰)",https://blog.naver.com/sunny-canva/224286676373?fromRss=true&trackingCode=rss,2026-05-18
